{"highscores":[{"score":0},{"score":30},{"score":40},{"score":870},{"score":30},{"score":1430},{"score":240},{"score":20},{"score":0},{"score":30},{"score":0},{"score":0},{"score":0},{"score":0},{"score":0},{"score":0},{"score":0},{"score":0},{"score":0},{"score":0},{"score":0},{"score":0},{"score":0},{"score":0},{"score":0},{"score":0},{"score":0},{"score":0},{"score":0},{"score":0},{"score":0},{"score":0},{"score":0},{"score":0},{"score":0},{"score":0},{"score":0},{"score":0},{"score":0},{"score":0},{"score":0},{"score":0},{"score":0},{"score":0},{"score":0},{"score":0},{"score":0},{"score":200},{"score":0},{"score":10},{"score":820},{"score":550},{"score":390},{"score":1140},{"score":1140},{"score":370},{"score":370}]}